[{"model": "griz.tag", "pk": 1, "fields": {"name": "puppy"}}, {"model": "griz.tag", "pk": 2, "fields": {"name": "play"}}, {"model": "griz.tag", "pk": 3, "fields": {"name": "heeling"}}, {"model": "griz.tag", "pk": 4, "fields": {"name": "nosework"}}, {"model": "griz.tag", "pk": 6, "fields": {"name": "sit"}}, {"model": "griz.tag", "pk": 7, "fields": {"name": "down"}}, {"model": "griz.tag", "pk": 8, "fields": {"name": "place"}}, {"model": "griz.tag", "pk": 9, "fields": {"name": "socialization"}}, {"model": "griz.tag", "pk": 10, "fields": {"name": "chill"}}, {"model": "griz.tag", "pk": 11, "fields": {"name": "new_toy"}}, {"model": "griz.tag", "pk": 12, "fields": {"name": "puzzel"}}, {"model": "griz.tag", "pk": 13, "fields": {"name": "tracking"}}, {"model": "griz.tag", "pk": 14, "fields": {"name": "potty_training"}}, {"model": "griz.tag", "pk": 15, "fields": {"name": "kids"}}, {"model": "griz.tag", "pk": 16, "fields": {"name": "tug"}}, {"model": "griz.tag", "pk": 17, "fields": {"name": "disk_work"}}, {"model": "griz.tag", "pk": 18, "fields": {"name": "adventure"}}, {"model": "griz.tag", "pk": 19, "fields": {"name": "tricks"}}, {"model": "griz.dog", "pk": 1, "fields": {"name": "Denali", "breed": "Husky", "birthday": "2015-10-15"}}, {"model": "griz.dog", "pk": 2, "fields": {"name": "Griz", "breed": "German Shepherd", "birthday": "2025-10-12"}}, {"model": "griz.dog", "pk": 3, "fields": {"name": "Everest", "breed": "German Shepherd", "birthday": "2015-10-15"}}, {"model": "griz.entry", "pk": 1, "fields": {"dog": 2, "date": "2025-12-27", "youtube_url": "https://www.youtube.com/watch?v=uv9Xliq6Hnw", "youtube_embed": "https://www.youtube.com/embed/uv9Xliq6Hnw", "text": "Griz is 8 weeks old, this is her 1st day home", "created_at": "2025-12-06T00:00:00Z", "tags": [1, 11]}}, {"model": "griz.entry", "pk": 2, "fields": {"dog": 2, "date": "2025-12-28", "youtube_url": "https://www.youtube.com/watch?v=wHTvAxqHKAg", "youtube_embed": "https://www.youtube.com/embed/wHTvAxqHKAg", "text": "This is griz's first day home. We worked on making her comfortable and getting her used to the family", "created_at": "2025-12-06T00:00:00Z", "tags": [1, 2, 15]}}, {"model": "griz.entry", "pk": 3, "fields": {"dog": 2, "date": "2025-12-28", "youtube_url": "https://www.youtube.com/watch?v=wHTvAxqHKAg", "youtube_embed": "https://www.youtube.com/embed/wHTvAxqHKAg", "text": "short compilation of griz's first week of play. This is mostly just here so we can see how much her play drive grows. Pro Tip, make cheap toys into awesome toys with some rope", "created_at": "2025-12-10T00:00:00Z", "tags": [1, 2, 16, 15]}}, {"model": "griz.entry", "pk": 4, "fields": {"dog": 2, "date": "2025-12-28", "youtube_url": "https://www.youtube.com/watch?v=MMGpaNxgmXQ&pp=0gcJCU0KAYcqIYzv", "youtube_embed": "https://www.youtube.com/embed/MMGpaNxgmXQ&pp=0gcJCU0KAYcqIYzv", "text": "Potty training a puppy is pretty boring, to spice it up, we give the reward in fresh stomped on grass. The idea is she'l learn the smell of fresh busted up grass and eventually I can start setting trails for her to track", "created_at": "2025-12-09T00:00:00Z", "tags": [1, 4, 13, 14]}}, {"model": "griz.entry", "pk": 5, "fields": {"dog": 2, "date": "2025-12-29", "youtube_url": "https://www.youtube.com/watch?v=UPJTFZWEtHc", "youtube_embed": "https://www.youtube.com/embed/UPJTFZWEtHc", "text": "I need to upload some of the start of her nose-work training. She's already pretty good here. Today is the first day I started working indication with her. \r\n\r\nThe scent is some essential oil from the grocery store. The boxes are 3d printed. so that's easy.", "created_at": "2025-12-29T20:28:36.626Z", "tags": [1, 4, 6]}}, {"model": "griz.entry", "pk": 6, "fields": {"dog": 2, "date": "2025-12-31", "youtube_url": "https://www.youtube.com/watch?v=b1KOVsTZs48", "youtube_embed": "https://www.youtube.com/embed/b1KOVsTZs48", "text": "As far as griz goes, she's remarkable at nosework for how much we've practiced. Day 2 of indication and I don't have to tell her to sit anymore. I'll probably mix up the container soon. I could really use some camera tips for filming inside. It's particularly difficult to deal with her black face.", "created_at": "2025-12-31T17:48:18.658Z", "tags": [1, 4]}}, {"model": "griz.entry", "pk": 8, "fields": {"dog": 3, "date": "2020-03-26", "youtube_url": "https://www.youtube.com/watch?v=nYyLF0CPvGc", "youtube_embed": "https://www.youtube.com/embed/nYyLF0CPvGc", "text": "Disc work everest", "created_at": "2026-01-04T00:00:00Z", "tags": [3]}}, {"model": "griz.entry", "pk": 9, "fields": {"dog": 2, "date": "2026-01-11", "youtube_url": "https://www.youtube.com/watch?v=OMz0ydyU4aE", "youtube_embed": "https://www.youtube.com/embed/OMz0ydyU4aE", "text": "How to train a puppy on nosework. From week 8 to 13", "created_at": "2026-01-11T00:03:46.826Z", "tags": [4, 15, 6]}}, {"model": "griz.entry", "pk": 10, "fields": {"dog": 3, "date": "2022-12-21", "youtube_url": "https://youtube.com/shorts/pFHje6Zc_Hg", "youtube_embed": "https://youtube.com/embed/pFHje6Zc_Hg", "text": "", "created_at": "2026-01-18T05:17:59.196Z", "tags": []}}, {"model": "griz.entry", "pk": 11, "fields": {"dog": 2, "date": "2026-01-18", "youtube_url": "https://www.youtube.com/watch?v=tkQnKLYJxwQ", "youtube_embed": "https://www.youtube.com/embed/tkQnKLYJxwQ", "text": "This is Griz at one day over 14 weeks. We are demonstrating her positions here. Tell me what you think, not here... in real life.", "created_at": "2026-01-18T22:02:25.201Z", "tags": [8, 1, 6, 7]}}, {"model": "griz.entry", "pk": 12, "fields": {"dog": 2, "date": "2026-01-18", "youtube_url": "https://www.youtube.com/watch?v=DVriPsHgtfM", "youtube_embed": "https://www.youtube.com/embed/DVriPsHgtfM", "text": "She's actually gotten some better catches than this. but here's her rebound catch. Takes 8 tries", "created_at": "2026-01-18T22:03:45.297Z", "tags": [1, 2, 19, 17]}}, {"model": "griz.entry", "pk": 13, "fields": {"dog": 2, "date": "2026-01-24", "youtube_url": "https://www.youtube.com/watch?v=mfcbgp1VHXU", "youtube_embed": "https://www.youtube.com/embed/mfcbgp1VHXU", "text": "This is griz's second time doing training with play. From now on we will be interrupting play to work on commands.", "created_at": "2026-01-24T21:44:31.895Z", "tags": [1, 2, 3, 6, 7, 11, 16, 19]}}, {"model": "griz.entry", "pk": 14, "fields": {"dog": 2, "date": "2026-01-24", "youtube_url": "https://www.youtube.com/watch?v=xP4O2wUd59M", "youtube_embed": "https://www.youtube.com/embed/xP4O2wUd59M", "text": "Training Denali and Griz together. Much harder to get positions prefect; however, we want them to be able to listen together. Specifically, I really want the dogs to be able to both heal at the same time.", "created_at": "2026-01-24T22:08:06.189Z", "tags": [1, 3, 6, 7]}}, {"model": "tech.tag", "pk": 1, "fields": {"name": "django"}}, {"model": "tech.tag", "pk": 2, "fields": {"name": "vim"}}, {"model": "tech.tag", "pk": 3, "fields": {"name": "nvim"}}, {"model": "tech.tag", "pk": 4, "fields": {"name": "kubernetes"}}, {"model": "tech.tag", "pk": 5, "fields": {"name": "sql"}}, {"model": "tech.tag", "pk": 6, "fields": {"name": "cnpg"}}, {"model": "tech.tag", "pk": 7, "fields": {"name": "audacity"}}, {"model": "tech.tag", "pk": 8, "fields": {"name": "obs"}}, {"model": "tech.tag", "pk": 9, "fields": {"name": "kdenlive"}}, {"model": "tech.tag", "pk": 10, "fields": {"name": "hugo"}}, {"model": "tech.entry", "pk": 1, "fields": {"date": "2026-01-11", "youtube_url": "https://www.youtube.com/watch?v=V4viyWQedAc", "youtube_embed": "https://www.youtube.com/embed/V4viyWQedAc", "text": "This is my first attempt at making some tech-video-blogging. This isn't really much of an instructional because the infrastructure is already here and I'm just copying some previous work over. I recorded it because I wanted some content to add as soon as I updated the django image", "tags": [1]}}, {"model": "tech.entry", "pk": 2, "fields": {"date": "2026-01-11", "youtube_url": "https://www.youtube.com/watch?v=28SDDveYUKk", "youtube_embed": "https://www.youtube.com/embed/28SDDveYUKk", "text": "this is a video showing the difference between adding voice over with obs vs audacity using kdenlive", "tags": [7, 8, 9]}}, {"model": "tech.entry", "pk": 3, "fields": {"date": "2026-01-11", "youtube_url": "https://www.youtube.com/watch?v=qO1uusvWGNI", "youtube_embed": "https://www.youtube.com/embed/qO1uusvWGNI", "text": "this is my first time editing a sql table. i'm using cnpg so it's a little different than how other videos might show it, but the sql is the same", "tags": [5, 6]}}, {"model": "tech.entry", "pk": 4, "fields": {"date": "2026-01-17", "youtube_url": "https://www.youtube.com/watch?v=Ri4XtitRAT0", "youtube_embed": "https://www.youtube.com/embed/Ri4XtitRAT0", "text": "the ease of building a website with hugo and markdown files. This particular video is for Matt. I'll add the documentation and then make a follow up video on how to deploy this to the web", "tags": [10]}}, {"model": "tech.entry", "pk": 5, "fields": {"date": "2026-01-17", "youtube_url": "https://www.youtube.com/watch?v=Fv69EnfgT-k", "youtube_embed": "https://www.youtube.com/embed/Fv69EnfgT-k", "text": "Kind of hard to make a detailed video for deploying the hugo site. You have to be running a k8 cluster with istio to follow along wtih these steps.", "tags": [10, 4]}}, {"model": "auth.user", "fields": {"password": "pbkdf2_sha256$1000000$wpmX2vf1t2HRa5sOfd4jFv$2RLTXatGEkMmLBvy5/3i/UwPSq3Hk//i+JPg8UIkUpk=", "last_login": "2026-01-24T21:43:19.343Z", "is_superuser": true, "username": "evere5t", "first_name": "travis", "last_name": "ditmanson", "email": "travis@griz.sh", "is_staff": true, "is_active": true, "date_joined": "2025-12-27T00:00:00Z", "groups": [], "user_permissions": []}}, {"model": "sessions.session", "pk": "0d8prbmrkiketb6mjdxxrspx6k8lbo1b", "fields": {"session_data": ".eJxVjDsOwjAQBe_iGln-YLOmpOcM1q53gwPIkeKkQtwdIqWA9s3Me6mM61Lz2mXOI6uzsurwuxGWh7QN8B3bbdJlass8kt4UvdOurxPL87K7fwcVe_3W5RQsxWIieQK04k0IZZAjmSRC0UbPQOyQvMDgkosGkmfxAQEcOFTvD_CQN_0:1vhL7N:bk1Jo4iDzkZ0NqC0Lb9b0RsFdDEWJocMoT5Y6X-axMw", "expire_date": "2026-02-01T05:14:29.112Z"}}, {"model": "sessions.session", "pk": "2m4u2zv5mqkdvgc3c2qgrvjpuuk6h6m9", "fields": {"session_data": ".eJxVjDsOwjAQBe_iGln-YLOmpOcM1q53gwPIkeKkQtwdIqWA9s3Me6mM61Lz2mXOI6uzsurwuxGWh7QN8B3bbdJlass8kt4UvdOurxPL87K7fwcVe_3W5RQsxWIieQK04k0IZZAjmSRC0UbPQOyQvMDgkosGkmfxAQEcOFTvD_CQN_0:1vfqV5:cKbzyqSeZjh3p1Zet2LcgCC4wDSBvVuatrHlaZDMLDo", "expire_date": "2026-01-28T02:20:47.620Z"}}, {"model": "sessions.session", "pk": "ewqgbaipi491dw183yej0n57cvaugoo5", "fields": {"session_data": ".eJxVjDsOwjAQBe_iGln-YLOmpOcM1q53gwPIkeKkQtwdIqWA9s3Me6mM61Lz2mXOI6uzsurwuxGWh7QN8B3bbdJlass8kt4UvdOurxPL87K7fwcVe_3W5RQsxWIieQK04k0IZZAjmSRC0UbPQOyQvMDgkosGkmfxAQEcOFTvD_CQN_0:1vaIuB:QATMiAz0hzKEhIZ0wEav8uQHUfw-qCOjx_v5bVWFBZg", "expire_date": "2026-01-12T19:27:47.641Z"}}, {"model": "sessions.session", "pk": "ps249rnmblwn1pyonr6nxqelzmtz6svi", "fields": {"session_data": ".eJxVjDsOwjAQBe_iGln-YLOmpOcM1q53gwPIkeKkQtwdIqWA9s3Me6mM61Lz2mXOI6uzsurwuxGWh7QN8B3bbdJlass8kt4UvdOurxPL87K7fwcVe_3W5RQsxWIieQK04k0IZZAjmSRC0UbPQOyQvMDgkosGkmfxAQEcOFTvD_CQN_0:1vjlPb:1wjoLTPKW5sToJnTqQGqLML-UXky_eRqy58dJZaUh4A", "expire_date": "2026-02-07T21:43:19.396Z"}}, {"model": "admin.logentry", "pk": 1, "fields": {"action_time": "2025-12-29T20:28:36.659Z", "user": ["evere5t"], "content_type": ["griz", "entry"], "object_id": "5", "object_repr": "Entry for Griz (German Shepherd) on 2025-12-29", "action_flag": 1, "change_message": "[{\"added\": {}}]"}}, {"model": "admin.logentry", "pk": 2, "fields": {"action_time": "2025-12-31T17:48:18.688Z", "user": ["evere5t"], "content_type": ["griz", "entry"], "object_id": "6", "object_repr": "Entry for Griz (German Shepherd) on 2025-12-31", "action_flag": 1, "change_message": "[{\"added\": {}}]"}}, {"model": "admin.logentry", "pk": 3, "fields": {"action_time": "2026-01-14T02:22:17.685Z", "user": ["evere5t"], "content_type": ["griz", "entry"], "object_id": "1", "object_repr": "Entry for Griz (German Shepherd) on 2025-12-27", "action_flag": 2, "change_message": "[{\"changed\": {\"fields\": [\"Youtube url\", \"Youtube embed\"]}}]"}}, {"model": "admin.logentry", "pk": 4, "fields": {"action_time": "2026-01-14T02:23:24.666Z", "user": ["evere5t"], "content_type": ["griz", "entry"], "object_id": "2", "object_repr": "Entry for Griz (German Shepherd) on 2025-12-28", "action_flag": 2, "change_message": "[{\"changed\": {\"fields\": [\"Youtube url\", \"Youtube embed\"]}}]"}}, {"model": "admin.logentry", "pk": 5, "fields": {"action_time": "2026-01-14T02:23:54.780Z", "user": ["evere5t"], "content_type": ["griz", "entry"], "object_id": "3", "object_repr": "Entry for Griz (German Shepherd) on 2025-12-28", "action_flag": 2, "change_message": "[{\"changed\": {\"fields\": [\"Youtube url\", \"Youtube embed\"]}}]"}}, {"model": "admin.logentry", "pk": 6, "fields": {"action_time": "2026-01-14T02:24:11.055Z", "user": ["evere5t"], "content_type": ["griz", "entry"], "object_id": "1", "object_repr": "Entry for Griz (German Shepherd) on 2025-12-27", "action_flag": 2, "change_message": "[]"}}, {"model": "admin.logentry", "pk": 7, "fields": {"action_time": "2026-01-14T02:24:52.271Z", "user": ["evere5t"], "content_type": ["griz", "entry"], "object_id": "4", "object_repr": "Entry for Griz (German Shepherd) on 2025-12-28", "action_flag": 2, "change_message": "[{\"changed\": {\"fields\": [\"Youtube url\", \"Youtube embed\"]}}]"}}, {"model": "admin.logentry", "pk": 8, "fields": {"action_time": "2026-01-14T02:25:30.338Z", "user": ["evere5t"], "content_type": ["griz", "entry"], "object_id": "5", "object_repr": "Entry for Griz (German Shepherd) on 2025-12-29", "action_flag": 2, "change_message": "[{\"changed\": {\"fields\": [\"Youtube url\", \"Youtube embed\"]}}]"}}, {"model": "admin.logentry", "pk": 9, "fields": {"action_time": "2026-01-14T02:25:49.925Z", "user": ["evere5t"], "content_type": ["griz", "entry"], "object_id": "6", "object_repr": "Entry for Griz (German Shepherd) on 2025-12-31", "action_flag": 2, "change_message": "[{\"changed\": {\"fields\": [\"Youtube url\", \"Youtube embed\"]}}]"}}, {"model": "admin.logentry", "pk": 10, "fields": {"action_time": "2026-01-14T02:26:36.210Z", "user": ["evere5t"], "content_type": ["griz", "entry"], "object_id": "7", "object_repr": "Entry for Everest (German Shepherd) on 2022-12-20", "action_flag": 2, "change_message": "[{\"changed\": {\"fields\": [\"Youtube url\", \"Youtube embed\"]}}]"}}, {"model": "admin.logentry", "pk": 11, "fields": {"action_time": "2026-01-14T02:26:59.709Z", "user": ["evere5t"], "content_type": ["griz", "entry"], "object_id": "7", "object_repr": "Entry for Everest (German Shepherd) on 2022-12-20", "action_flag": 2, "change_message": "[{\"changed\": {\"fields\": [\"Youtube url\", \"Youtube embed\"]}}]"}}, {"model": "admin.logentry", "pk": 12, "fields": {"action_time": "2026-01-14T02:27:54.625Z", "user": ["evere5t"], "content_type": ["griz", "entry"], "object_id": "8", "object_repr": "Entry for Everest (German Shepherd) on 2020-03-26", "action_flag": 2, "change_message": "[{\"changed\": {\"fields\": [\"Youtube url\", \"Youtube embed\"]}}]"}}, {"model": "admin.logentry", "pk": 13, "fields": {"action_time": "2026-01-14T02:28:11.712Z", "user": ["evere5t"], "content_type": ["griz", "entry"], "object_id": "7", "object_repr": "Entry for Everest (German Shepherd) on 2022-12-20", "action_flag": 3, "change_message": ""}}, {"model": "admin.logentry", "pk": 14, "fields": {"action_time": "2026-01-14T02:28:48.405Z", "user": ["evere5t"], "content_type": ["griz", "entry"], "object_id": "9", "object_repr": "Entry for Griz (German Shepherd) on 2026-01-11", "action_flag": 2, "change_message": "[]"}}, {"model": "admin.logentry", "pk": 15, "fields": {"action_time": "2026-01-17T18:22:07.214Z", "user": ["evere5t"], "content_type": ["tech", "tag"], "object_id": "10", "object_repr": "hugo", "action_flag": 1, "change_message": "[{\"added\": {}}]"}}, {"model": "admin.logentry", "pk": 16, "fields": {"action_time": "2026-01-17T18:23:32.777Z", "user": ["evere5t"], "content_type": ["tech", "entry"], "object_id": "4", "object_repr": "Entry object (4)", "action_flag": 1, "change_message": "[{\"added\": {}}]"}}, {"model": "admin.logentry", "pk": 17, "fields": {"action_time": "2026-01-18T05:17:59.233Z", "user": ["evere5t"], "content_type": ["griz", "entry"], "object_id": "10", "object_repr": "Entry for Everest (German Shepherd) on 2022-12-21", "action_flag": 1, "change_message": "[{\"added\": {}}]"}}, {"model": "admin.logentry", "pk": 18, "fields": {"action_time": "2026-01-18T05:19:20.384Z", "user": ["evere5t"], "content_type": ["griz", "entry"], "object_id": "10", "object_repr": "Entry for Everest (German Shepherd) on 2022-12-21", "action_flag": 2, "change_message": "[{\"changed\": {\"fields\": [\"Youtube embed\"]}}]"}}, {"model": "admin.logentry", "pk": 19, "fields": {"action_time": "2026-01-18T05:20:02.841Z", "user": ["evere5t"], "content_type": ["griz", "entry"], "object_id": "10", "object_repr": "Entry for Everest (German Shepherd) on 2022-12-21", "action_flag": 2, "change_message": "[{\"changed\": {\"fields\": [\"Tags\"]}}]"}}, {"model": "admin.logentry", "pk": 20, "fields": {"action_time": "2026-01-18T05:20:22.923Z", "user": ["evere5t"], "content_type": ["griz", "entry"], "object_id": "10", "object_repr": "Entry for Everest (German Shepherd) on 2022-12-21", "action_flag": 2, "change_message": "[{\"changed\": {\"fields\": [\"Tags\"]}}]"}}, {"model": "admin.logentry", "pk": 21, "fields": {"action_time": "2026-01-18T05:28:35.428Z", "user": ["evere5t"], "content_type": ["tech", "entry"], "object_id": "5", "object_repr": "Entry object (5)", "action_flag": 1, "change_message": "[{\"added\": {}}]"}}, {"model": "admin.logentry", "pk": 22, "fields": {"action_time": "2026-01-18T05:29:23.605Z", "user": ["evere5t"], "content_type": ["tech", "entry"], "object_id": "5", "object_repr": "Entry object (5)", "action_flag": 2, "change_message": "[{\"changed\": {\"fields\": [\"Tags\"]}}]"}}, {"model": "admin.logentry", "pk": 23, "fields": {"action_time": "2026-01-18T22:02:25.312Z", "user": ["evere5t"], "content_type": ["griz", "entry"], "object_id": "11", "object_repr": "Entry for Griz (German Shepherd) on 2026-01-18", "action_flag": 1, "change_message": "[{\"added\": {}}]"}}, {"model": "admin.logentry", "pk": 24, "fields": {"action_time": "2026-01-18T22:03:04.623Z", "user": ["evere5t"], "content_type": ["griz", "tag"], "object_id": "19", "object_repr": "tricks", "action_flag": 1, "change_message": "[{\"added\": {}}]"}}, {"model": "admin.logentry", "pk": 25, "fields": {"action_time": "2026-01-18T22:03:45.312Z", "user": ["evere5t"], "content_type": ["griz", "entry"], "object_id": "12", "object_repr": "Entry for Griz (German Shepherd) on 2026-01-18", "action_flag": 1, "change_message": "[{\"added\": {}}]"}}, {"model": "admin.logentry", "pk": 26, "fields": {"action_time": "2026-01-24T21:44:31.917Z", "user": ["evere5t"], "content_type": ["griz", "entry"], "object_id": "13", "object_repr": "Entry for Griz (German Shepherd) on 2026-01-24", "action_flag": 1, "change_message": "[{\"added\": {}}]"}}, {"model": "admin.logentry", "pk": 27, "fields": {"action_time": "2026-01-24T22:08:06.217Z", "user": ["evere5t"], "content_type": ["griz", "entry"], "object_id": "14", "object_repr": "Entry for Griz (German Shepherd) on 2026-01-24", "action_flag": 1, "change_message": "[{\"added\": {}}]"}}]